0: https://www.spu.edu
1: #home-hero
2: /alumni
3: //spufalcons.com/
4: /library
5: /undergraduate-admissions/visit
6: /apply
7: //give.spu.edu/sslpage.aspx
8: //web-apps.spu.edu/apps
9: /
10: #
11: /about-spu
12: /about-spu/the-campus
13: /about-spu/spu-facts
14: //spu.edu/voices
15: /about-spu/seattle-and-pacific-nw
16: /about-spu/mission
17: /university-leadership
18: /about-spu/news
19: /directory
20: /about-spu/diversity
21: /calendar-and-events
22: /about-spu/statement-of-faith
23: /diversity/spu-diversity-commitment/oiex-land-page
24: /academics
25: /undergraduate-admissions/majors-academics
26: /graduate-admissions/degree-programs
27: /sitecore/service/notfound.aspx?item=web%3a%7bFC24E74E-4C12-432B-A304-F553B567F27A%7d%40en
28: /academics/university-scholars
29: /calendar-and-events/academic
30: /catalog
31: /undergraduate-time-schedule
32: /graduate-time-schedule
33: /administration/office-of-the-registrar
34: /current-students/grad-resource-hub
35: /current-students/resource-hub
36: /undergraduate-admissions/majors-academics/study-abroad#title
37: https://spu.edu/ugcatalog/university-calendar
38: /undergraduate-admissions
39: /student-financial-services/costs/undergrad-tuition-fees
40: /undergraduate-admissions/scholarships-financial-aid/scholarships-and-grants
41: /undergraduate-admissions/scholarships-financial-aid/net-price-calculator#title
42: /undergraduate-admissions/request-info
43: /undergraduate-admissions/apply
44: /undergraduate-admissions/apply/veterans#title
45: /undergraduate-admissions/apply/international-students#title
46: /undergraduate-admissions/transfer-students
47: /undergraduate-admissions/apply/first-year-students/fy-req-deadlines#title
48: /undergraduate-admissions/virtual-reality-360-video
49: /graduate-admissions
50: /student-financial-services/costs/grad-tuition-fees
51: https://spu.edu/grcatalog/costs-financial-aid/financial-aid
52: /graduate-admissions/admissions/admissions-requirements
53: /graduate-admissions/admissions/international-admissions
54: /graduate-admissions/admissions/application-deadlines
55: https://ce.spu.edu/
56: https://ce.spu.edu/contentManagement.do?method=load&code=CM000011
57: /student-academic-services/transfer-equivalency-guide
58: /undergraduate-admissions/apply/transfer-students#transfer-deadlines
59: https://spu.edu/undergraduate-admissions/apply
60: /administration/office-of-student-life
61: https://spu.sodexomyway.com/index.html
62: /administration/falcon-card-services
63: /administration/housing-residence-life/housing
64: /administration/housing-residence-life/residence-life
65: /administration/conference-services
66: /student-financial-services/student-employment
67: //spu.edu/assp
68: /administration/office-of-student-life/community-life/student-involvement-leadership
69: /current-students/intramurals
70: /academics/school-of-theology/center-for-worship
71: /diversity
72: /administration/john-perkins-center/
73: /administration/multi-ethnic-programs
74: /administration/office-of-university-ministries
75: /administration/student-counseling-center
76: /administration/health-services
77: /administration/office-of-safety-security
78: /wellness-initiative
79: /administration/academic-support-center
80: /administration/bookstore
81: /administration/center-career-calling
82: /administration/computer-information-systems
83: /administration/center-for-learning/disability-support-services
84: /current-students/international-students
85: /student-financial-services
86: #cd-search
87: #cd-primary-nav
88: https://spu.edu/academics/seattle-pacific-seminary/news-archive/student-stories
89: https://www.youtube.com/watch?v=w9Z1_Mx2eR8
90: https://www.youtube.com/watch?v=Dd7lCF6ZNoM
91: https://www.facebook.com/seattle.pacific.university
92: https://twitter.com/SeattlePacific
93: https://www.instagram.com/spu_seattlepacific/
94: https://www.youtube.com/user/SeattlePacific
95: https://www.linkedin.com/school/seattle-pacific-university/mycompany/
96: https://www.tiktok.com/@spu_seattlepacific
97: /undergraduate-admissions/scholarships-financial-aid/scholarships-and-grants/first-year-student-scholarships
98: /academics/school-of-education/graduate-programs/certification-programs/accelerated-masters-of-arts-in-teaching
99: /academics/school-of-education/graduate-programs/certification-programs/accelerated-masters-of-arts-in-teaching-online
100: /academics/school-of-business-and-economics/undergraduate-programs/minors/accounting
101: /academics/school-of-education/graduate-programs/masters-programs/master-in-teaching-mathematics-and-science
102: /academics/school-of-education/graduate-programs/masters-programs/master-in-teaching-mathematics-and-science-online
103: //spu.edu/academics/school-of-business-and-economics/undergraduate-programs/majors/accounting
104: https://spu.edu/ugcatalog/schools-college/college-of-arts-sciences-stem-social-science/biology/biology-minors
105: https://spu.edu/ugcatalog/schools-college/college-of-arts-sciences-stem-social-science/sociology-programs/anthropology
106: /academics/college-of-arts-sciences/family-consumer-sciences/undergraduate-programs/apparel-design
107: //spu.edu/academics/college-of-arts-sciences/biology/undergraduate-programs/biology-majors/bs-applied-human-biology
108: //spu.edu/academics/college-of-arts-sciences/mathematics/majors/bs-in-applied-mathematics
109: https://spu.edu/ugcatalog/schools-college/college-of-arts-sciences-stem-social-science/engineering-programs/engineering-minors
110: https://spu.edu/ugcatalog/schools-college/college-of-arts-sciences-arts-humanities/art-programs/art-ba
111: /catalog/undergraduate/20223/majors-minors
112: /catalog/undergraduate/20223/schools-college/college-of-arts-sciences-arts-humanities/art-programs/art-minors
113: /academics/college-of-arts-sciences/history/asian-studies-major-minor
114: /academics/college-of-arts-sciences/chemistry
115: //spu.edu/academics/college-of-arts-sciences/biology/undergraduate-programs/biology-minor
116: //spu.edu/academics/college-of-arts-sciences/biology/undergraduate-programs/biology-majors/ba-biology
117: //spu.edu/academics/college-of-arts-sciences/biology/undergraduate-programs/biology-majors/bs-biology
118: //spu.edu/academics/school-of-business-and-economics/undergraduate-programs/majors/business-administration
119: //spu.edu/academics/school-of-business-and-economics/undergraduate-programs/minors/business-administration
120: /academics/school-of-business-and-economics/undergraduate-programs/majors/business-administration
121: //spu.edu/academics/college-of-arts-sciences/biology/undergraduate-programs/biology-majors/bs-cellular-molecular-biology
122: /academics/college-of-arts-sciences/chemistry/academics
123: /academics/school-of-theology/undergraduate-programs/minors/christian-discipleship
124: //spu.edu/academics/school-of-theology/undergraduate-programs/minors/christian-scripture
125: //spu.edu/academics/school-of-theology/undergraduate-programs/christian-theology-major
126: /academics/college-of-arts-sciences/languages-cultures-linguistics/undergraduate-programs/classics
127: /academics/school-of-psychology-family-community/graduate-programs/clinical-psychology-phd
128: //spu.edu/academics/school-of-health-sciences/undergraduate-programs/hhp-minors/coaching-science-minor
129: https://spu.edu/ugcatalog/schools-college/college-of-arts-sciences-arts-humanities/communication-journalism/communication-studies
130: //spu.edu/academics/college-of-arts-sciences/communication-and-journalism/minors/communication-minor
131: /academics/college-of-arts-sciences/engineering-and-computer-science/majors/computer-engineering-bs
132: https://spu.edu/ugcatalog/schools-college/college-of-arts-sciences-stem-social-science/engineering-programs/comp-engineering
133: /academics/college-of-arts-sciences/engineering-and-computer-science/majors/computer-science-ba-bs
134: //spu.edu/catalog/undergraduate/20190/degree-requirements?Area=MINCS&Major=1CSC&navRoot={623EB5A9-7EF7-466A-B094-CC30B0D6597F}
135: https://spu.edu/ugcatalog/schools-college/college-of-arts-sciences-arts-humanities/theatre
136: /academics/school-of-business-and-economics/graduate-programs
137: https://spu.edu/ugcatalog/interdisciplinary/data-analytics
138: /academics/school-of-education/graduate-programs/masters-programs/digital-education
139: /academics/seattle-pacific-seminary/programs/ma-divinity
140: /academics/school-of-health-sciences/graduate-nursing-program/dnp-pathways
141: https://spu.edu/ugcatalog/schools-college/school-of-education/early-childhood-education
142: https://spu.edu/ugcatalog/schools-college/school-of-education/early-childhood-education#{D620A3BE-D870-48C3-AFEB-1E2D5FB647D1}MAJECE1ECE
143: //spu.edu/academics/college-of-arts-sciences/biology/undergraduate-programs/biology-majors/bs-ecology
144: /catalog/undergraduate/20190/schools-college/business-government-economics/economics
145: //spu.edu/academics/school-of-business-and-economics/undergraduate-programs/majors/economics
146: //spu.edu/academics/school-of-business-and-economics/undergraduate-programs/minors/economics
147: /catalog/undergraduate/20190/interdisciplinary/ecotheology-minor
148: /academics/school-of-education/graduate-programs/masters-programs/educational-leadership-med
149: /academics/school-of-education/graduate-programs/doctoral-programs/doctor-of-education-edd
150: /academics/school-of-education/graduate-programs/doctoral-programs/doctor-of-philosophy-education-phd
151: /academics/college-of-arts-sciences/engineering-and-computer-science/majors/electrical-engineering-bs
152: //spu.edu/ugcatalog/schools-college/college-of-arts-sciences-stem-social-science/engineering-programs/ee#{083B8E61-76FB-416D-ABDD-18F08AC397E7}
153: /academics/school-of-education/undergraduate-programs/elementary-education
154: //spu.edu/catalog/undergraduate/20190/schools-college/college-of-arts-sciences-arts-humanities/english
155: //spu.edu/academics/school-of-business-and-economics/undergraduate-programs/minors/entrepreneurship
156: //spu.edu/academics/school-of-health-sciences/undergraduate-programs/health-and-human-performance-majors/exercise-science-major
157: //spu.edu/academics/school-of-health-sciences/undergraduate-programs/hhp-minors/exercise-science-minor
158: https://spu.edu/ugcatalog/schools-college/college-of-arts-sciences-arts-humanities/communication-journalism/film-studies#{083B8E61-76FB-416D-ABDD-18F08AC397E7}MINFILM1FLM
159: https://spu.edu/ugcatalog/schools-college/college-of-arts-sciences-stem-social-science/family-consumer-sciences/food-nutrional-sciences
160: /academics/college-of-arts-sciences/family-consumer-sciences/undergraduate-programs/food-sciences/food-nutrition-emphasis
161: /academics/college-of-arts-sciences/family-consumer-sciences/undergraduate-programs/food-sciences/sports-exercise-emphasis
162: /academics/college-of-arts-sciences/languages-cultures-linguistics/undergraduate-programs/french-and-francophone-studies
163: /academics/college-of-arts-sciences/engineering-and-computer-science/majors/general-engineering-bs
164: //spu.edu/ugcatalog/interdisciplinary/general-studies#
165: //spu.edu/academics/school-of-business-and-economics/undergraduate-programs/majors/global-development-major
166: /academics/seattle-pacific-seminary/programs/graduate-cert-christian-studies
167: //spu.edu/academics/school-of-health-sciences/undergraduate-programs/hhp-minors/health-and-fitness-education-minor
168: /academics/college-of-arts-sciences/history/history-major-minor
169: https://spu.edu/catalog/undergraduate/20201/schools-college/college-of-arts-sciences-arts-humanities/history/history-copy#{083B8E61-76FB-416D-ABDD-18F08AC397E7}MINHISMS1HIS
170: https://spu.edu/catalog/undergraduate/20201/interdisciplinary/honors-program
171: /academics/college-of-arts-sciences/family-consumer-sciences/undergraduate-programs/family-studies
172: https://spu.edu/ugcatalog/schools-college/college-of-arts-sciences-arts-humanities/art-programs/illustration#{D620A3BE-D870-48C3-AFEB-1E2D5FB647D1}MAJILLSTRN1ILS
173: /academics/school-of-psychology-family-community/graduate-programs/industrial-organizational-psychology-ma
174: https://spu.edu/ugcatalog/interdisciplinary/information-studies
175: /academics/college-of-arts-sciences/engineering-and-computer-science/majors/information-systems-bs
176: https://spu.edu/ugcatalog/interdisciplinary/interactive-computing-art
177: https://spu.edu/ugcatalog/schools-college/college-of-arts-sciences-arts-humanities/communication-journalism/journalism
178: //spu.edu/academics/college-of-arts-sciences/communication-and-journalism/minors/journalism-minor
179: //spu.edu/ugcatalog/interdisciplinary/leadership-studies
180: /catalog/undergraduate/20190/schools-college/college-of-arts-sciences-stem-social-social-science/biology
181: /academics/college-of-arts-sciences/languages-cultures-linguistics/undergraduate-programs/linguistics-and-cultural-studies
182: /academics/school-of-education/graduate-programs/masters-programs/literacy
183: /academics/seattle-pacific-seminary/programs/master-of-arts
184: /academics/seattle-pacific-seminary
185: /academics/school-of-psychology-family-community/graduate-programs/marriage-and-family-therapy
186: /academics/school-of-education/graduate-programs/masters-programs/masters-of-arts-in-teaching
187: /academics/school-of-business-and-economics/graduate-programs/ms-management-da
188: //spu.edu/academics/college-of-arts-sciences/mathematics/minor
189: /academics/college-of-arts-sciences/engineering-and-computer-science/majors/mechanical-engineering
190: https://spu.edu/ugcatalog/schools-college/college-of-arts-sciences-stem-social-science/engineering-programs/engineering-minors#{083B8E61-76FB-416D-ABDD-18F08AC397E7}MINMECHEGR1MEN
191: /academics/school-of-psychology-family-community/graduate-programs/medical-family-therapy
192: https://spu.edu/ugcatalog/schools-college/college-of-arts-sciences-arts-humanities/music/music-minors
193: https://spu.edu/ugcatalog/schools-college/college-of-arts-sciences-arts-humanities/music/music-major#{D620A3BE-D870-48C3-AFEB-1E2D5FB647D1}1MUS
194: https://spu.edu/ugcatalog/schools-college/college-of-arts-sciences-arts-humanities/music/music-major
195: /academics/college-of-arts-sciences/music/degrees/undergraduate-majors/music/performance
196: /academics/college-of-arts-sciences/music/degrees/undergraduate-majors/music/music-production
197: //spu.edu/academics/school-of-health-sciences/undergraduate-programs/nursing
198: https://spu.edu/ugcatalog/schools-college/college-of-arts-sciences-stem-social-science/family-consumer-sciences/food-nutrional-sciences#{D620A3BE-D870-48C3-AFEB-1E2D5FB647D1}1ND
199: /academics/school-of-health-sciences/graduate-nursing-program
200: //spu.edu/academics/school-of-education/center-for-professional-education/endorsements/health-fitness-endorsement
201: https://spu.edu/UGcatalog/schools-college/school-of-education/p-12-certifcation
202: //spu.edu/ugcatalog/schools-college/school-of-education/p-12-certifcation#{003DF870-FF77-45C8-A6BC-9D7ACC405BCA}
203: /academics/college-of-arts-sciences/philosophy/major
204: /academics/college-of-arts-sciences/philosophy/minor
205: /academics/college-of-arts-sciences/physics/programs
206: //spu.edu/academics/college-of-arts-sciences/biology/undergraduate-programs/biology-majors/bs-physiology
207: //spu.edu/academics/school-of-business-and-economics/undergraduate-programs/majors/political-science
208: //spu.edu/academics/school-of-business-and-economics/undergraduate-programs/minors/political-science-minor
209: /academics/school-of-business-and-economics/undergraduate-programs/majors/PPE
210: //spu.edu/academics/school-of-business-and-economics/undergraduate-programs/pre-law
211: https://spu.edu/ugcatalog/interdisciplinary/pre-professional-health-programs
212: /academics/school-of-education/graduate-programs/certification-programs/principal
213: //spu.edu/academics/programs/professional-studies-program
214: /academics/school-of-education/graduate-programs/certification-programs/program-administrator
215: https://spu.edu/ugcatalog/schools-college/school-psychology-family-community/psychology-major-body#{D620A3BE-D870-48C3-AFEB-1E2D5FB647D1}MAJPSYAB1PSY
216: https://spu.edu/ugcatalog/schools-college/school-psychology-family-community/psychology-major-body#{D620A3BE-D870-48C3-AFEB-1E2D5FB647D1}MAJPSYABBS1PSY
217: //spu.edu/academics/school-of-psychology-family-community/undergraduate-programs/psychology-majors-minor
218: /academics/school-of-education/graduate-programs/certification-programs/school-executive-leadership
219: /academics/school-of-education/graduate-programs/certification-programs
220: /academics/school-of-education/undergraduate-programs/becoming-a-teacher-at-spu
221: /academics/college-of-arts-sciences/english-cultural-studies-department/social-justice-cultural-studies-major
222: https://spu.edu/ugcatalog/schools-college/college-of-arts-sciences-arts-humanities/english-program/social-justice#{D620A3BE-D870-48C3-AFEB-1E2D5FB647D1}1SJC
223: /academics/college-of-arts-sciences/sociology/majors
224: /academics/college-of-arts-sciences/sociology/minors
225: /academics/college-of-arts-sciences/languages-cultures-linguistics/undergraduate-programs/spanish-studies
226: https://spu.edu/ugcatalog/schools-college/school-of-education/special-education-certification#{D620A3BE-D870-48C3-AFEB-1E2D5FB647D1}SPECC1SPE
227: //spu.edu/academics/school-of-education/undergraduate-programs/special-education-major
228: //spu.edu/ugcatalog/interdisciplinary/student-designed-major#
229: /academics/school-of-education/graduate-programs/certification-programs/superintendent
230: //spu.edu/academics/college-of-arts-sciences/theatre/minors
231: https://spu.edu/ugcatalog/schools-college/school-of-theology/theology-minors
232: https://spu.edu/ugcatalog/schools-college/college-of-arts-sciences-stem-social-science/sociology-programs/urban-studies#{083B8E61-76FB-416D-ABDD-18F08AC397E7}MINURBAN1URB
233: /catalog/undergraduate/20212/schools-college/college-of-arts-sciences-arts-humanities/art-programs/art-ba
234: /academics/school-of-theology/undergraduate-programs/minors/worship-arts-leadership
235: //spu.edu/academics/school-of-theology/undergraduate-programs/minors/youth-ministry
236: /academics/school-of-education/education-programs/certification-endorsements
237: /graduate-admissions/admissions/request-more-info
238: https://admissions.spu.edu/apply/
239: /about-spu/press-room/Press/usnwr-best-national-eighth-year
240: /diversity/faq/student-profile
241: /diversity/faq/student-profile-grad
242: /undergraduate-admissions/outcomes
243: /administration/office-of-institutional-effectiveness
244: /about-spu/news/articles/2024/feb/professor-student-awarded-grant
245: https://admissions.spu.edu/portal/falcon-friday
246: https://spufalcons.com/news/2024/3/1/copp-named-spus-inaugural-womens-golf-coach.aspx
247: /about-spu/news/articles/2024/jan/library-inaugurations-display
248: https://stories.spu.edu/articles/spu-alum-named-2023-superintendent-of-the-year
249: https://stories.spu.edu/articles/in-the-business-of-making-dreams-come-true
250: /about-spu/press-room
251: https://spu.edu/stories
252: https://spufalcons.com/
253: https://stories.spu.edu/articles/enriching-transformations-on-both-sides-of-the-border
254: /student-financial-services/financial-aid/fafsa/fafsa-simplification
255: https://spu.edu
256: https://goo.gl/maps/fQq2afgcegNgCeqKA
257: tel:206-281-2000
258: https://www.linkedin.com/school/seattle-pacific-university/
259: https://spu.edu/response
260: https://spu.edu/library
261: https://spu.edu/administration/housing-residence-life/housing/meal-plans/dining-services-locations
262: https://spu.edu/directory
263: https://spu.edu/administration/office-of-safety-security
264: https://spu.edu/bookstore
265: https://spu.edu/campus-map
266: https://spu.edu/emergency
267: https://spu.edu/about-spu/community-resources/higher-education-emergency-relief-fund-public-reporting
268: https://spu.edu/academics/college-of-arts-sciences
269: https://spu.edu/academics/school-of-business-and-economics
270: https://spu.edu/academics/school-of-health-sciences
271: https://spu.edu/academics/school-of-education
272: https://spu.edu/academics/school-of-psychology-family-community
273: https://spu.edu/academics/school-of-theology
274: https://spu.edu/academics/seattle-pacific-seminary
275: https://spu.edu/administration/center-career-calling
276: https://spu.edu/centers/cbte/
277: https://spu.edu/academics/school-of-psychology-family-community/centers-and-initiatives/center-for-relationship-development
278: https://spu.edu/academics/school-of-business-and-economics/center-for-applied-learning
279: https://spu.edu/academics/center-for-integrity-in-business
280: https://spu.edu/academics/school-of-theology/center-for-worship
281: https://spu.edu/administration/center-for-learning
282: https://spu.edu/administration/john-perkins-center/
283: https://wiki.spu.edu/display/POL/Website+Privacy+Policy
284: https://spu.edu/administration/human-resources/nondiscrimination-title-ix-hr/access-and-accommodation
285: https://spu.formstack.com/forms/website_feedback
286: https://spu.edu/contact-us
287: https://spu.edu/jobs
288: https://spu.edu/administration/human-resources/nondiscrimination-title-ix-hr
